date,validation,url
5/20/2026,25b4cee8-b649-4739-bed9-0520014a03e1,https://docs.google.com/forms/d/e/1FAIpQLSdwQnv7zdama9aYRP4ZeeuwjG07w2LuhN2Ujf5Gs6vWE4hkSQ/viewform?usp=pp_url&entry.835224228=25b4cee8-b649-4739-bed9-0520014a03e1
5/21/2026,b52a1b05-4940-44d0-86e5-460148b688f9,https://docs.google.com/forms/d/e/1FAIpQLSdwQnv7zdama9aYRP4ZeeuwjG07w2LuhN2Ujf5Gs6vWE4hkSQ/viewform?usp=pp_url&entry.835224228=b52a1b05-4940-44d0-86e5-460148b688f9
5/22/2026,a7ff1fb8-c521-490b-b51e-6284fe396f0b,https://docs.google.com/forms/d/e/1FAIpQLSdwQnv7zdama9aYRP4ZeeuwjG07w2LuhN2Ujf5Gs6vWE4hkSQ/viewform?usp=pp_url&entry.835224228=a7ff1fb8-c521-490b-b51e-6284fe396f0b
5/23/2026,64385045-b516-4fe6-a20e-a26c16c0f4cb,https://docs.google.com/forms/d/e/1FAIpQLSdwQnv7zdama9aYRP4ZeeuwjG07w2LuhN2Ujf5Gs6vWE4hkSQ/viewform?usp=pp_url&entry.835224228=64385045-b516-4fe6-a20e-a26c16c0f4cb
5/24/2026,f04a5a9c-d5b8-4255-baf3-73b7c3696e5a,https://docs.google.com/forms/d/e/1FAIpQLSdwQnv7zdama9aYRP4ZeeuwjG07w2LuhN2Ujf5Gs6vWE4hkSQ/viewform?usp=pp_url&entry.835224228=f04a5a9c-d5b8-4255-baf3-73b7c3696e5a
5/25/2026,6c3f0cb4-79ec-4d01-b5fb-4455aa50fe40,https://docs.google.com/forms/d/e/1FAIpQLSdwQnv7zdama9aYRP4ZeeuwjG07w2LuhN2Ujf5Gs6vWE4hkSQ/viewform?usp=pp_url&entry.835224228=6c3f0cb4-79ec-4d01-b5fb-4455aa50fe40
5/26/2026,52112479-2c81-4ce6-93f7-d05ea1b6b9fd,https://docs.google.com/forms/d/e/1FAIpQLSdwQnv7zdama9aYRP4ZeeuwjG07w2LuhN2Ujf5Gs6vWE4hkSQ/viewform?usp=pp_url&entry.835224228=52112479-2c81-4ce6-93f7-d05ea1b6b9fd
5/27/2026,7da912e1-c033-4abd-9532-b013942a95ab,https://docs.google.com/forms/d/e/1FAIpQLSdwQnv7zdama9aYRP4ZeeuwjG07w2LuhN2Ujf5Gs6vWE4hkSQ/viewform?usp=pp_url&entry.835224228=7da912e1-c033-4abd-9532-b013942a95ab
5/28/2026,a2891155-64cb-4c5b-95ed-8564cae32e9f,https://docs.google.com/forms/d/e/1FAIpQLSdwQnv7zdama9aYRP4ZeeuwjG07w2LuhN2Ujf5Gs6vWE4hkSQ/viewform?usp=pp_url&entry.835224228=a2891155-64cb-4c5b-95ed-8564cae32e9f
5/29/2026,d0c63833-a7f8-4c03-a4bb-534408389946,https://docs.google.com/forms/d/e/1FAIpQLSdwQnv7zdama9aYRP4ZeeuwjG07w2LuhN2Ujf5Gs6vWE4hkSQ/viewform?usp=pp_url&entry.835224228=d0c63833-a7f8-4c03-a4bb-534408389946
5/30/2026,a5693552-bc8b-4815-a7dd-c918e98a6c14,https://docs.google.com/forms/d/e/1FAIpQLSdwQnv7zdama9aYRP4ZeeuwjG07w2LuhN2Ujf5Gs6vWE4hkSQ/viewform?usp=pp_url&entry.835224228=a5693552-bc8b-4815-a7dd-c918e98a6c14
5/31/2026,c2e0f829-2ab1-4e3a-bbcd-d19ef21a3327,https://docs.google.com/forms/d/e/1FAIpQLSdwQnv7zdama9aYRP4ZeeuwjG07w2LuhN2Ujf5Gs6vWE4hkSQ/viewform?usp=pp_url&entry.835224228=c2e0f829-2ab1-4e3a-bbcd-d19ef21a3327